OrgCode,College,TwoOrFourYear,Matches CEEB,
****UC,University of Cambridge,False,FALSE,
***018,Los Angeles Valley College,False,FALSE,
***019,Sherman College of Chiropractic,False,FALSE,
***020,Sch of Prof Studies - University Cntr,False,FALSE,
***021,Keiser University - MelbourneCampus,False,FALSE,
***022,Ivy Tech Community College,False,FALSE,
***023,Edexcel Limited,False,FALSE,
***024,Jones International University,False,FALSE,
***025,University of Belgrano,False,FALSE,
***MCC,Maricopa Community College,False,FALSE,
***RC,Rockport College,False,FALSE,
**0000,Coastal Georgia Community College,False,FALSE,
**0005,Instituto de Communicacion Oaxaca S.C.,False,FALSE,
**0007,University of Minnesota - Twin Cities,False,FALSE,
**0008,Institute Int’l Educ of Sch,False,FALSE,
**0015,American Public University System,False,FALSE,
**0016,Saint Leo University,False,FALSE,
**0017,Presbyterian Univ-Mackenzie,False,FALSE,
**0018,Metropolitan Community College,False,FALSE,
**0019,Universidad InterAmericana dePuerto Rico,False,FALSE,
**0020,Concord University,False,FALSE,
**0025,Indiana University-Indianapolis,False,FALSE,
**0027,Demoratic Socialist Republic of Sri Lanka,False,FALSE,
**025,Universidad de Monterrey,False,FALSE,
**0411,University of Madras,False,FALSE,
**0NIU,Northeastern Illinois University,False,FALSE,
**5711,Georgia Perimeter College,False,FALSE,
**AASU,Armstrong Atlantic State University,False,FALSE,
**AL,Al al-Bayt University -Jordan,False,FALSE,
**Amer,The American University of Paris,False,FALSE,
**ART,Art Institute of California-Hollywood,False,FALSE,
**ASTU,Augusta State University,False,FALSE,
**BACM,Baylor College of Medicine,False,FALSE,
**CALU,California Lutheran College,False,FALSE,
**CHIN,The Chinese Univ of Hong Kong,False,FALSE,
**COVE,Covenant College,False,FALSE,
**ECPI,ECPI College of Technology-Greenville,False,FALSE,
**Germ,Bavarian State Ministry,False,FALSE,
**GOET,Goethe Institut,False,FALSE,
**ITAL,Italiaidea,False,FALSE,
**OUA,Open Universities Australia,False,FALSE,
**PURD,Purdue University,False,FALSE,
**TUCC,Tulsa Community College,False,FALSE,
**UMCP,University of Maryland College Park,False,FALSE,
**UMII,Universite Montpellier II,False,FALSE,
**UNCS,University of NC School of the Arts,False,FALSE,
*0001,University of Malaga - Spain,False,FALSE,
*00016,The College of New Jersey,False,FALSE,
*00017,Capella University,False,FALSE,
*0002,University of Salamanca - Spain,False,FALSE,
*0008,Moscow State Academy of PE,False,FALSE,
*0009,Kaplan University Online,False,FALSE,
$00001,Ai Miami Intl University of Art & Design,False,FALSE,; merge with 5327
$A002,University of the West Indies,False,FALSE,
000004,Institute for American University,False,FALSE,
000213,Bevill St Cc Walker,False,TRUE,
000270,Oklahoma City Cmty C,False,TRUE,
000274,Southwest Tennessee Cmty Cl,False,TRUE,
000316,Seminole Junior Coll,False,TRUE,
000319,Pellissippi St Tec C,False,TRUE,
000337,UEES,False,FALSE,
000338,Peralta Community College District,False,FALSE,
000346,Troy St Univ Dothan,False,FALSE,
000389,Univ Texas Tyler,False,FALSE,
000443,Mohave Cmty Coll,False,TRUE,
000453,Northeast State Community College,False,TRUE,
000457,South Piedmont Comm College,False,FALSE,
000461,New Mexico St U Grnt,False,TRUE,
000462,Athens Technical College,False,TRUE,
000469,Artic Sivunmun Ilsgv,False,TRUE,
000496,Stanly Cmty College,False,TRUE,
000528,Wallace Cc Hncvlle,False,TRUE,
000534,St Paul Tech Coll,False,TRUE,
000535,Chandler Gilbert Cc,False,TRUE,
000623,Lewis And Clark Cc,False,TRUE,
000713,Nicolet Area Tech Cl,False,TRUE,
000723,Bevill St Cc Brewer,False,TRUE,
000740,Central Appl Centre,False,FALSE,
000747,Fox Valley Tech Coll,False,TRUE,
000770,Southrn Wv Cmty Coll,False,TRUE,
000777,Clark St Cmty Coll,False,TRUE,
000782,Arkansas St U Beebe,False,TRUE,
000784,Barton Co Cmty Coll,False,TRUE,
000785,Montgomery Cmty Coll,False,TRUE,
000787,Bossier Parish Cc,False,TRUE,
000789,McDowell Tech Cmty C,False,TRUE,
000806,Baker Coll Flint,False,TRUE,
000850,Nashville State Tech,False,TRUE,
000881,University Stirling,False,TRUE,
000923,Universty Of Glasgow,False,TRUE,
000929,Houston Cmty College,False,TRUE,
000935,McGill University,False,TRUE,
000938,Universidad Americas,False,TRUE,
000965,Univ British Columba,False,TRUE,
000970,Univ Laverne Athens,False,FALSE,
000982,Univ Toronto,False,TRUE,
000997,Rio Salado Cmty Coll,False,TRUE,
001000,Voronezh State University,False,FALSE,
001005,Auburn University,False,TRUE,
001012,Alverno College,False,TRUE,
001015,Ancilla College,False,TRUE,
001016,Anderson University,False,TRUE,
001021,Ashland University,False,TRUE,
001023,Westchester Bus Inst,False,TRUE,
001024,Univ of Phoenix,False,TRUE,
001028,Austin Peay St Univ,False,TRUE,
001034,Faulkner University,False,TRUE,
001042,Univ Hawaii W Oahu,False,TRUE,
001050,Baldwin-Wallace Coll,False,TRUE,
001051,Ball State Univ,False,TRUE,
001052,Barat Coll,False,FALSE,
001057,Southwestern Illinois College,False,TRUE,
001058,Belmont University,False,TRUE,
001064,Birminghm-Sthrn Coll,False,TRUE,
001069,Bowling Green State University,False,TRUE,
001073,Butler University,False,TRUE,
001079,Bethel College In,False,TRUE,
001081,Columbia St Cmty Col,False,TRUE,
001083,College Of Dupage,False,TRUE,
001084,Chattanooga State,False,TRUE,
001094,Concordia College Mi,False,TRUE,
001102,Carson-Newman University,False,TRUE,
001106,Centrl Michigan Univ,False,TRUE,
001120,University of Fine Arts & Design Ganexa,False,FALSE,
001121,Christian Bros Univ,False,TRUE,
001135,Columbia College Il,False,TRUE,
001142,Copiah-Lincoln C C,False,TRUE,
001145,The University of the Cumberlands,False,TRUE,
001146,Cumberland Univ,False,TRUE,
001160,Danville Area Cmty C,False,TRUE,
001161,David Lipscomb Univ,False,TRUE,
001179,Wright State U Daytn,False,TRUE,
001187,Chattahoochee Vly Cc,False,TRUE,
001191,Edison State Cmty C,False,TRUE,
001194,Indiana Univ East,False,TRUE,
001196,East Cntrl Cmty Coll,False,TRUE,
001198,East Tenn State Univ,False,TRUE,
001200,Eastrn Kentucky Univ,False,TRUE,
001201,Eastern Michigan Unv,False,TRUE,
001208,Univ Of Evansville,False,TRUE,
001211,Elizabethtown C C,False,TRUE,
001225,Charles S Mott C C,False,TRUE,
001229,Franklin University,False,TRUE,
001230,Freed-Hardeman Univ,False,TRUE,
001249,Georgetown College,False,TRUE,
001252,Grace College,False,TRUE,
001254,Grand Rapids C C,False,TRUE,
001264,Geo C Wallc S Cc Dot,False,TRUE,
001274,Hopkinsville Cmty C,False,TRUE,
001293,Henry Ford Cmty Coll,False,TRUE,
001296,Hinds Cmty College,False,TRUE,
001299,Holmes Cmty College,False,TRUE,
001302,Samford University,False,TRUE,
001304,Huntington College,False,TRUE,
001307,Henderson Cmty Coll,False,TRUE,
001311,Ivy Tech St Coll Ind,False,TRUE,
001312,Illinois Central C,False,TRUE,
001322,Indiana State Univ,False,TRUE,
001324,Indiana Univ Bloomng,False,TRUE,
001326,Itawamba Cmty Coll,False,TRUE,
001335,Univ of Southern Indiana,False,TRUE,
001346,Joliet Jr College,False,TRUE,
001352,Jefferson St C C,False,TRUE,
001356,Calhoun Cmty Coll,False,TRUE,
001357,John A Logan College,False,TRUE,
001361,Heartland Cmty Coll,False,TRUE,
001367,Kent State Univ,False,TRUE,
001373,Knoxville College,False,TRUE,
001378,Kalamazoo Valley C C,False,TRUE,
001380,Kankakee Cmty Coll,False,TRUE,
001391,Lake Erie College,False,TRUE,
001398,Lawrence University,False,TRUE,
001401,Lee University,False,TRUE,
001406,Lincoln College,False,TRUE,
001408,Lincoln Mem Univ,False,TRUE,
001414,Lansing Cmty College,False,TRUE,
001417,Lorain Co Cmty Coll,False,TRUE,
001420,Arizona State Univ,False,FALSE,
001422,Lakeland Cmty Coll,False,TRUE,
001427,Lourdes College,False,TRUE,
001428,Lincoln Land C C,False,TRUE,
001430,Oglala Lakota Coll,False,TRUE,
001437,Madonna University,False,TRUE,
001447,Marion Military Inst,False,TRUE,
001452,Marygrove College,False,TRUE,
001454,Maryville Coll Tn,False,TRUE,
001463,Miami Univ Oxford,False,TRUE,
001465,Michigan State Univ,False,TRUE,
001466,Middle Tenn St Univ,False,TRUE,
001469,Milligan College,False,TRUE,
001479,Univ Of Southern Ms,False,TRUE,
001480,Mississippi State Un,False,TRUE,
001487,Morehead St Univ,False,TRUE,
001497,Oakland University,False,TRUE,
001510,Northwest Florida State College,False,FALSE,
001511,Memphis Coll Of Art,False,TRUE,
001513,Wisc Lutheran Coll,False,TRUE,
001521,Macomb Cc Center Cmp,False,FALSE,
001524,Moraine Valley C C,False,TRUE,
001536,Madison Area Tech C,False,TRUE,
001547,Point University,False,FALSE,
001562,Northwst Miss C C,False,TRUE,
001566,Notre Dame Colleg Oh,False,TRUE,
001573,Oakton Cmty College,False,TRUE,
001574,Northrn Ky Univ,False,TRUE,
001580,Wisconsin Indianhead Technical College,False,TRUE,
001585,Oakland City Univ,False,TRUE,
001592,Ohio State Univ,False,TRUE,
001593,Ohio University,False,TRUE,
001601,University of West Georgia,False,FALSE,
001607,Oakland Comm Coll,False,TRUE,
001613,Wor-Wic Cmty Coll,False,TRUE,
001628,St Clair Co Cmty Col,False,TRUE,
001631,Purdue Univ W Lafyte,False,TRUE,
001643,Spoon River College,False,FALSE,mismatch! to 1154
001644,Alabama Sthrn Cmty C,False,TRUE,
001656,Roane St Cmty Coll,False,TRUE,
001674,Rock Valley College,False,TRUE,
001688,Stark Tech College,False,TRUE,
001706,St Norbert College,False,TRUE,
001720,Sinclair Cmty Coll,False,TRUE,
001722,Macomb Cc South Cmp,False,TRUE,
001727,Southern Adventist University,False,TRUE,
001728,Southern Union State,False,TRUE,
001730,Rhodes College,False,TRUE,
001736,Jacksonville St Univ,False,TRUE,
001738,Troy State Univ Troy,False,TRUE,
001742,Miss Delta Comm Coll,False,TRUE,
001764,Schoolcraft College,False,TRUE,
001779,Somerset Cmty Coll,False,TRUE,
001798,Troy St Univ Montgmy,False,TRUE,
001811,Tri-State University,False,TRUE,
001812,Tusculum College,False,TRUE,
001816,Delta College,False,TRUE,
001826,Union University,False,TRUE,
001829,University Of Akron,False,TRUE,
001830,University of Alabama,False,TRUE,
001831,U T At Chattanooga,False,TRUE,
001835,Univ Detroit Mercy,False,TRUE,
001836,Univ Illinois Urbana,False,TRUE,
001837,Univ Kentucky Lexngt,False,TRUE,
001840,University Of Miss,False,TRUE,
001843,Univ Tennessee Knox,False,TRUE,
001844,Univ Tennessee Martn,False,TRUE,
001845,Univ Toledo,False,TRUE,
001846,Univ Wisc Madison,False,TRUE,
001851,Univ Il Chicago,False,TRUE,
001854,University of Alabama Huntsville,False,TRUE,
001856,University of Alabama (Birmingham),False,TRUE,
001859,Univ Wisc Green Bay,False,TRUE,
001871,Vanderbilt Univ,False,TRUE,
001872,Vandercook Coll Mus,False,TRUE,
001874,Valparaiso Universty,False,TRUE,
001876,Thomas More College,False,TRUE,
001877,Vincennes University,False,TRUE,
001880,Univ South Alabama,False,TRUE,
001881,Volunteer St Com Col,False,TRUE,
001889,Univ Wisc Fox Valley,False,TRUE,
001893,Walters St C C,False,TRUE,
001898,Wayne State Univ,False,TRUE,
001901,Western Kentucky Uni,False,TRUE,
001905,Wheaton College,False,TRUE,
001908,Bryan College,False,TRUE,
001916,Univ Wisc Oshkosh,False,TRUE,
001926,Walsh University,False,TRUE,
001933,Lawson St C C,False,TRUE,
001935,Washtenaw Cmty Coll,False,TRUE,
001938,Waubonsee Cmty Coll,False,TRUE,
001939,J H Faulkner St Cc,False,TRUE,
001951,Collin Co Cmty Coll,False,TRUE,
001965,Xavier University,False,TRUE,
001981,Academy Art College,False,TRUE,
001983,Coll Lake County,False,TRUE,
001999,Univ Wisc Waukesha,False,TRUE,
002029,Art Institute Pittsb,False,TRUE,
002032,Bergen Cmty Coll,False,TRUE,
002037,Bard Coll,False,TRUE,
002038,Barnard C Columbia U,False,TRUE,
002039,Beaver Coll,False,,
002063,Community College of Baltimore County,False,FALSE,mismatch! to 5137
002066,Bucks Co Cmty Coll,False,TRUE,
002072,Caldwell Coll,False,TRUE,
002081,Chatham Coll,False,TRUE,
002089,Coll Of New Rochelle,False,TRUE,
002121,Camden Co Coll,False,TRUE,
002124,County Coll Morris,False,TRUE,
002125,Delaware County C C,False,TRUE,
002134,Finger Lakes Cc,False,TRUE,
002135,Clinton Cmty Coll Ny,False,TRUE,
002179,Paradise Vly Cc Ctr,False,TRUE,
002180,Burlington Co Coll,False,TRUE,
002181,Brookdale Cmty Coll,False,TRUE,
002196,Duquesne University,False,TRUE,
002198,Dutchess Cmty Coll,False,TRUE,
002213,Erie C C City Camp,False,TRUE,
002237,Essex Co College,False,TRUE,
002255,Fairlegh Diknsn Ruth,False,FALSE,
002257,Fashion Inst Tech,False,TRUE,
002259,Fordham University,False,TRUE,
002266,Jackson St Cmty Clg,False,TRUE,
002270,Gannon University,False,TRUE,
002272,Genesee Cmty Coll,False,TRUE,
002291,Hudson Co Cmty Coll,False,TRUE,
002295,Hofstra University,False,TRUE,
002300,Hudson Vly Cmty Coll,False,TRUE,
002301,Hunter College,False,TRUE,
002309,Harrisburg Area C C,False,TRUE,
002316,Herkimer Co Cmty Col,False,TRUE,
002324,Iona College,False,TRUE,
002325,Ithaca College,False,TRUE,
002335,Jamestown Cmty Coll,False,TRUE,
002345,Jefferson Cmty C Ny,False,TRUE,
002379,La Roche College,False,TRUE,
002381,Lehigh Carbon Cmty C,False,TRUE,
002405,Marymount Manhattn C,False,TRUE,
002406,Marymount College Ny,False,FALSE,
002407,Marywood College,False,TRUE,
002409,Mercy College,False,TRUE,
002414,Mohawk Valley C C,False,TRUE,
002423,Mount Saint Mary Col,False,TRUE,
002429,Monroe Cmty College,False,TRUE,
002441,Middlesex Co Coll,False,TRUE,
002444,Mercer Co Cmty Coll,False,TRUE,
002445,Montgomery Co C C,False,TRUE,
002462,Monroe Coll New Roch,False,TRUE,
002463,Monroe College Bronx,False,TRUE,
002486,American Intercontinental University,False,TRUE,
002515,Rowan Coll New Jersy,False,TRUE,
002518,William Patersn C Nj,False,TRUE,
002520,Montclair State Univ,False,TRUE,
002523,Suny Coll Tech Cnton,False,TRUE,
002524,Suny Clg Ag Tech Cob,False,TRUE,
002533,Buffalo State Coll,False,TRUE,
002540,Geneseo College,False,TRUE,
002542,Suny Coll Oneonta,False,TRUE,
002545,Suny Coll Potsdam,False,TRUE,
002558,Niagara University,False,TRUE,
002560,Nyack College,False,TRUE,
002562,New York University,False,TRUE,
002563,Nassau Cmty College,False,TRUE,
002568,Niagara Co Cmty Coll,False,TRUE,
002627,Onondaga Community College,False,TRUE,
002640,Paul Smiths College,False,TRUE,
002642,Widener University,False,TRUE,
002646,Bloomsburg Univ Pa,False,TRUE,
002647,California Univ Pa,False,TRUE,
002652,Indiana Uni Of Penna,False,TRUE,
002659,West Chester Univ Pa,False,TRUE,
002660,Penn State Univ,False,TRUE,
002669,Pratt Institute,False,TRUE,
002688,American University in Dubai,False,TRUE,
002691,Borough Manhattn C C,False,FALSE,mismatch! to 2063
002736,Rutgers U Sch Arts,False,FALSE,
002743,Reading Area C C,False,TRUE,
002758,Rider University,False,TRUE,
002759,Roberts Wesleyan Col,False,TRUE,
002760,Rochester Inst Tech,False,TRUE,
002778,Coll Staten Island,False,TRUE,
002806,St Peters College,False,TRUE,
002811,Seton Hall Univ,False,TRUE,
002823,Syracuse University,False,TRUE,
002827,Suffolk Co Cc Ammrmn,False,TRUE,
002848,Cleveland State Cc,False,TRUE,
002860,Georgia Northwestern TechinalCollege,False,TRUE,
002867,Raritan Vly Cmty Clg,False,TRUE,
002904,Tompkins-Cortland Cc,False,TRUE,
002906,Temple University,False,TRUE,
002925,Suny Buffalo,False,TRUE,
002926,Univ Of Pennsylvania,False,TRUE,
002927,Univ Pittsbrgh Pitts,False,TRUE,
002928,Univ Rochester,False,TRUE,
002938,Ulster Co Cmty Coll,False,TRUE,
002940,Univ Pittsbrgh Gnstd,False,FALSE,
002954,University of North Carolina,False,FALSE,
002968,Westmoreland Co C C,False,TRUE,
002971,Wells College,False,TRUE,
002972,Westchester Cmty Col,False,TRUE,
002974,Westminster Choir Co,False,FALSE,
003003,Amherst College,False,TRUE,
003030,Ohio Christian University,False,FALSE,
003107,Berklee Coll Music,False,TRUE,
003224,Johnson & Wales University,False,FALSE,
003286,Comm Coll Of Vermont,False,TRUE,
003289,Cape Cod Cmty Coll,False,TRUE,
003367,Emerson College,False,TRUE,
003368,Emmanuel College,False,TRUE,
003369,Endicott College,False,TRUE,
003404,Johnson & Wales University N Miami,False,,mismatch! to 3441
003408,Community College of Rhode Island,False,,mismatch! merge with 3733
003418,Green Mountain Coll,False,TRUE,
003420,Greenfield Cmty Coll,False,TRUE,
003437,Holyoke Cmty College,False,TRUE,
003440,Husson College,False,TRUE,
003442,Harvard University,False,TRUE,
003465,Johnson & Wales Univ,False,TRUE,
003483,Lesley College,False,TRUE,
003525,Merrimack College,False,TRUE,
003528,Mitchell College,False,TRUE,
003550,Naugatuck Vly C T C,False,TRUE,
003558,Three Rvrs Cmty Tech,False,TRUE,
003649,New Hampshire Coll,False,TRUE,
003652,Nrthwstrn Ct C-Tech,False,TRUE,
003657,New England College,False,TRUE,
003691,Univ Southern Maine,False,TRUE,
003714,Quinsigamond C C,False,TRUE,
003716,Quinebaug Vly Ctc,False,TRUE,
003724,Rhode Island College,False,TRUE,
003730,Palo Alto College,False,TRUE,
003733,Cmty Coll Rhode Is,False,TRUE,
003771,Suffolk University,False,TRUE,
003786,Univ Mass Dartmth,False,TRUE,
003810,Estrella Mountain Community College,False,TRUE,
003834,Art Institute of Charlotte,False,TRUE,
003856,American Institute of El Salvador,False,TRUE,
003883,NorthCentral University,False,TRUE,
003897,Tunxis Community College,False,TRUE,
003911,Univ Mass Lowell,False,TRUE,
003915,Univ Of Connecticut,False,TRUE,
003920,Univ Of Vermont,False,TRUE,
003924,Univ Mass Boston,False,TRUE,
003929,Univ Maine Augusta,False,TRUE,
003964,Wheelock College,False,TRUE,
004001,Adams State Univeristy,False,TRUE,
004004,American River Coll,False,TRUE,
004019,Brigham Young U Ut,False,TRUE,
004021,Bethany College,False,TRUE,
004024,Big Bend Cmty Coll,False,TRUE,
004046,Chaffey Cmty College,False,TRUE,
004047,Chapman University,False,TRUE,
004052,City Coll San Frnsco,False,TRUE,
004065,Univ Pacific,False,TRUE,
004066,Soka University of America,False,TRUE,
004067,Univ Puget Sound,False,TRUE,
004071,Coll Of The Sequoias,False,TRUE,
004074,Univ Nthrn Colorado,False,TRUE,
004075,Colorado St Univ,False,TRUE,
004085,Coll Desert,False,TRUE,
004090,Centrl Oregon C C,False,TRUE,
004094,Calif Baptist Coll,False,TRUE,
004097,Cochise Coll,False,TRUE,
004108,Columbia College,False,TRUE,
004112,Colorado Mt C Glnwds,False,TRUE,
004117,Coll Canyons,False,TRUE,
004121,Cosumnes River Coll,False,TRUE,
004126,Crafton Hills Coll,False,TRUE,
004136,C C Southern Nevada,False,TRUE,
004283,Dixie College,False,TRUE,
004291,Pikes Peak Cc,False,TRUE,
004299,Eastern Nm Univ Port,False,TRUE,
004331,Grand Canyon Univ,False,TRUE,
004334,Grossmont Cmty Coll,False,TRUE,
004338,Glendale C C Az,False,TRUE,
004340,Hartnell College,False,TRUE,
004352,Hawaii Pacific Univ,False,TRUE,
004360,Johnson and Wales University,False,TRUE,
004365,Northern Virginia Community College,False,FALSE,
004381,University of La Verne,False,TRUE,
004384,Lewis & Clark Coll,False,TRUE,
004398,Los Angeles Pierce C,False,TRUE,
004404,Los Angeles Missin C,False,TRUE,
004409,Los Angeles Sw Coll,False,TRUE,
004457,Fashn Inst Dsgn Mrch,False,TRUE,
004484,Mesa State College,False,TRUE,
004486,Modesto Jr College,False,TRUE,
004488,Montana State Univ,False,TRUE,
004489,Univ Montana,False,TRUE,
004512,Moorpark College,False,,
004513,Mesa Cmty College,False,,
004517,Mendocino College,False,,
004531,New Mex St Univ U Pk,False,,
004541,Northwest College,False,,
004582,Mira Costa College,False,,
004585,Westrn Oregon St Clg,False,,
004586,Oregon St Univ,False,,
004588,Otero Jr College,False,,
004602,Palomar College,False,,
004604,Pasadena City Coll,False,,
004610,Portland St Univ,False,,
004611,Colorado State University-Pueblo,False,,
004617,Portland Cmty Coll,False,,
004623,Pima Community Coll,False,,
004657,Ricks College,False,,
004658,Riverside Cmty Coll,False,,
004659,Colorado Chr Univ,False,,
004671,Cal St U Sacramento,False,,
004681,San Diego City Coll,False,,
004692,Santa Rosa Jr Coll,False,,
004697,Sierra College,False,,
004706,San Joaquin Delta Cl,False,,
004723,Sonoma State Univ,False,,
004732,San Juan College,False,,
004734,South Mountain C C,False,,
004737,St Johns College Nm,False,,
004755,Scottsdale Cmty Coll,False,,
004820,Taft College,False,,
004821,Trinidad St Jr Coll,False,,
004835,Univ Calif Santa Bar,False,,
004836,Univ California Sn D,False,,
004841,Univ Colorado Bouldr,False,,
004842,University Of Denver,False,,
004843,Univ Idaho,False,,
004844,Univ Of Nevada Reno,False,,
004845,Univ Of New Mexico,False,,
004849,Univ Of San Diego,False,,
004854,Univ Washington,False,,
004855,University Wyoming,False,,
004857,Utah St Univ,False,,
004860,Univ Calif Santa Crz,False,,
004861,Univ Nevada Lasvegas,False,,
004864,Salt Lake Cmty Coll,False,,
004866,University of Alaska (Fairbanks),False,,
004867,Univ Hawaii At Manoa,False,,
004874,Univ Colo Colo Sprgs,False,,
004875,Univ Colorado Denver,False,,
004930,Solano Cmty College,False,,
004941,Weber St Univ,False,,
004945,Westrn Montana Coll,False,,
004948,Westminster Coll Slc,False,,
004953,Whitworth College,False,,
004955,Woodbury University,False,,
004958,West Valley Coll,False,,
004987,American Armn Intl C,False,,
005001,Abraham Baldwin Coll,False,,
005002,Agnes Scott College,False,,
005003,North Car Agr T St U,False,,
005005,Alderson-Broaddus College,False,,
005006,Allen University,False,,
005008,Anderson University,False,,
005009,Andrew College,False,,
005010,Appalachian St Univ,False,,
005013,University of North Carolina Asheville,False,,
005019,Anne Arundel C C,False,,
005026,Darton College,False,,
005032,Tidewater Community College,False,,
005033,Asheville Buncombe Tech,False,,
005036,"Broward Community College, Central",False,,mismatch! merge with 5074
005037,Aiken Technical College,False,,
005047,Technical College of the Lowcountry,False,,
005049,Trident Tech Coll N,False,,
005051,Baltimore City Cc,False,,
005055,Belmont Abbey Coll,False,,
005056,Benedict College,False,,
005058,Bennett College Nc,False,,
005064,Bluefield St Coll,False,,
005065,Bob Jones University,False,,
005066,Brenau Univ,False,,
005067,Brevard College,False,,
005069,Bridgewater Coll,False,,
005070,Bauder College,False,,
005073,Eastern Florida State College,False,,
005074,Broward Cc Ft Lauder,False,,
005079,Charleston Southern Univ,False,,
005083,Blue Ridge Cmty Coll,False,,
005094,Cape Fear Cmty Coll,False,,
005095,Northeastern Technical College,False,,
005098,Catawba Vly Cmty Clg,False,,
005100,Campbell University,False,,
005102,Central Piedmont C C,False,,
005105,"UNC-Charlotte, UG Admissions",False,,
005107,Chowan College,False,,
005108,Citadel The,False,,
005109,Claflin University,False,,
005110,Clark Atlanta Univ,False,,
005111,Clemson University,False,,
005112,Coker College,False,,
005113,College Of Charleston,False,,
005115,Coll William Mary Va,False,,
005116,Columbia Interntl U,False,,
005117,Columbia College Sc,False,,
005123,Columbus State University,False,,
005126,Old Dominion Univ,False,,
005127,Centrl Florida C C,False,,
005134,Coastal Carolina C C,False,,
005139,Dabney Lancaster Cmty College,False,,
005140,Cleveland Community College,False,,
005141,Centrl Virginia C C,False,,
005142,Clearwater Christn C,False,,
005144,College of Southern Maryland,False,,
005146,Caldwell C C Tech In,False,,
005147,Centrl Caro Comm Col,False,,
005148,Craven Cmty Coll,False,,
005159,Daytona State College,False,,
005163,Danville Cmty Coll,False,,
005167,Dalton College,False,,
005170,Davidson-Davie Community College,False,,
005180,East Carolina Univ,False,,
005183,Elon University,False,,
005184,Emmanuel Coll Ga,False,,
005187,Emory U,False,,
005188,Erskine College,False,,
005190,Embry-Riddle Aero Un,False,,
005191,Edison Cmty Coll,False,,
005192,Essex Cmty Coll,False,,
005200,East Georgia College,False,,
005206,Florida Internationl,False,,
005207,Florence-Darlington TechnicalCollege,False,,
005208,Fayetteville Tech Cc,False,,
005209,Florida Bapt Theo C,False,,
005212,Fayetteville St Univ,False,,
005218,Florida Southern Col,False,,
005219,Florida State Univ,False,,
005220,Fort Valley St Coll,False,,
005221,Florida Gulf Coast U,False,,
005222,Furman University,False,,
005223,Eckerd College,False,,
005226,Tidewater Cc Portsmt,False,,
005229,Florida Atlantic Unv,False,,
005230,Frederick Cmty Coll,False,,
005232,Florida State College at Jacksonville,False,,
005233,University of Central Florida,False,,
005234,Forsyth Tech Cmty Co,False,,
005235,Flagler College,False,,
005236,Florida Keys C C,False,,
005237,Floyd College,False,,
005240,Gallaudet University,False,,
005242,Gardner Webb Univ,False,,
005244,Georgetown Univ,False,,
005246,George Washington U,False,,
005249,Georgia Military Col,False,,
005251,Georgia St Univ,False,,
005252,Georgia College,False,,
005253,Georgia Sthrn Univ,False,,
005257,Goucher College,False,,
005262,Gaston College,False,,
005271,Gulf Coast Cmty Coll,False,,
005275,Guilford Tech Cmty C,False,,
005278,Greenville Technical College,False,,
005289,Haywood Cmty College,False,,
005293,High Point Univ,False,,
005294,Hollins University,False,,
005304,Hillsborough C C,False,,
005305,Horry-Georgetown Tech College,False,,
005308,Howard Cmty College,False,,
005319,Isothermal Comm College,False,,
005322,Indian River State College,False,,
005327,Intrnatl Fine Arts C,False,,
005333,Johnson C Smith Univ,False,,
005336,Augusta College,False,,
005342,John Tyler Cmty Coll,False,,
005347,J Sargent Reynolds Cmty Coll,False,,
005359,Kennesaw State University,False,,
005363,Lander University,False,,
005364,Lees-McRae College,False,,
005365,Lenoir-Rhyne College,False,,
005366,Limestone College,False,,
005369,Louisburg College,False,,
005370,Loyola College,False,,
005376,Lake- Sumter State College,False,,
005377,Florida Gateway College,False,,
005378,Lenoir Cmty College,False,,
005381,Lord Fairfax C C,False,,
005385,Liberty University,False,,
005392,James Madison Univ,False,,
005395,Mars Hill University,False,,
005396,Marshall University,False,,
005397,Mary Baldwin College,False,,
005399,Maryland Inst C Art,False,,
005407,Medical Univ S C,False,,
005409,Mercer Univ Macon,False,,
005410,Meredith College,False,,
005411,Middle Georgia Coll,False,,
005412,Mitchell Cmty Coll,False,,
005418,Morris College,False,,
005419,Univ Of Charleston,False,,
005423,Montreat College,False,,
005427,State College of Florida-Bradenton,False,,
005429,Art Institute Atlnta,False,,
005439,Macon College,False,,
005440,Montgry Coll Rckvlle,False,,
005441,Chattahoochee Tech I,False,,
005442,Francis Marion Univ - Admissions,False,,
005465,Miami-Dade Comm Coll,False,,
005487,Owens Cmty Coll,False,,
005490,Univ North Florida,False,,
005493,Newberry College,False,,
005496,North Carolina St U,False,,
005498,North Greenville University,False,,
005501,N C Wesleyan Coll,False,,
005507,North Georgia T V Sc,False,,
005513,New River Cmty Coll,False,,
005514,Nova Southeastern U,False,,
005515,Northrn Virg Cc Anan,False,,
005518,Piedmont Comm Coll,False,,
005521,Oglethorpe Univ,False,,
005526,Okaloosa-Walton C C,False,,
005527,Orangeburg-Calhoun Tech,False,,
005531,Palm Bch Comm Coll,False,,
005533,Peace College,False,,
005535,Pensacola State College,False,,
005536,Pfeiffer College,False,,
005537,Piedmont College,False,,
005540,Presbyterian College,False,,
005545,Prince Georges C C,False,,
005548,Polk Cmty College,False,,
005549,Patrick Henry Community College,False,,
005550,Piedmont Tech Coll,False,,
005551,Trident Tec C Palmer,False,,
005553,Palm Beach Atl University,False,,
005556,Pitt Community Coll,False,,
005557,Paul D Camp C C,False,,
005559,Pasco-Hrnando Cc Npr,False,,
005560,Queens Coll Nc,False,,
005561,Piedmont Virginia Cc,False,,
005562,Pasco-Hernando CC,False,,
005567,Randolph-Macon W Col,False,,
005568,Reinhardt College,False,,
005569,Univ Richmond,False,,
005570,Virginia Comm Univer,False,,
005571,Roanoke College,False,,
005573,Ringling Sch Art Des,False,,
005574,Richard Bland Coll,False,,
005582,Rockingham Cmty Coll,False,,
005583,Art Institute of Charleston,False,,
005584,Midlands Technical College,False,,
005585,Randolph Cmty Coll,False,,
005589,Rowan-Cabbarrus Comm College,False,,
005590,Rappahannock Cc Glns,False,,
005596,Saint Augustines University,False,,
005606,St Petersburg College,False,,
005607,Salem Coll Nc,False,,
005613,Shenandoah Univ,False,,
005616,Shorter Coll Rome,False,,
005618,SC State University,False,,
005619,South Georgia Colleg,False,,
005627,Spartanburg Methodist College,False,,
005630,Stetson University,False,,
005631,Savannah C Art Desgn,False,,
005634,Sweet Briar College,False,,
005641,St Johns River C C,False,,
005644,Blue Ridge Cmty Coll,False,,
005649,Sandhills Cmty Coll,False,,
005653,Santa Fe Cmty Coll,False,,
005656,Surry Cmty Coll,False,,
005659,Southwst Va Cmty Col,False,,
005662,Seminole Cmty Coll,False,,
005665,Central Carolina Tech,False,,
005667,Southwestern Comm Co,False,,
005668,Spartanburg Community College,False,,
005711,Dekalb College,False,,
005735,Broward Community Co,False,,
005743,Clinton College,False,,
005744,Denmark Tech Coll,False,,
005785,Tri-County Community College,False,,
005789,Tri County Technical College,False,,
005793,Thomas Nelson C C,False,,
005794,Tallahassee C C,False,,
005797,Carroll Cmty College,False,,
005798,Truett-McConnell College,False,,
005801,Aarts Operations Ctr,False,,
005812,Univ Florida,False,,
005813,Univ Georgia Athens,False,,
005814,Univ Maryland Col Pk,False,,
005816,UNC Chapel Hill,False,,
005818,Univ South Carolina,False,,
005819,University Of Tampa,False,,
005820,Univ Of Virginia,False,,
005821,Usc Sumter,False,,
005827,George Mason Univers,False,,
005828,Univ of South Florida,False,,
005833,Univ West Florida,False,,
005835,Univ Md Baltimore Co,False,,
005837,Coastal Carolina Univ,False,,
005840,USC Aiken,False,,
005845,Usc Beaufort,False,,
005846,Usc Union,False,,
005847,Usc Salkehatchie,False,,
005849,Usc Lancaster,False,,
005850,USC Upstate,False,,
005855,Valdosta St Univ,False,,
005857,Virginia Intrmt Coll,False,,
005858,Virginia Miltry Inst,False,,
005863,Voorhees College,False,,
005868,Virginia Westrn C C,False,,
005869,Valencia Cmty Coll,False,,
005885,Wake Forest Univ,False,,
005886,Warren Wilson Coll,False,,
005892,Williamsburg Tech C,False,,
005896,Southern Wesleyan U,False,,
005897,Western Carolina Unv,False,,
005900,University of West Georgia,False,,
005902,West Virginia Inst T,False,,
005904,West Virginia Univ,False,,
005908,Wingate University,False,,
005909,Winston-Salem St U,False,,
005910,Winthrop University,False,,
005912,Wofford College,False,,
005913,Unc At Greensboro,False,,
005921,Wilkes Community Col,False,,
005928,Wake Technical Coll,False,,
005929,Univ Dist Columbia,False,,
005930,Wilson Tech C C,False,,
005973,Kwantlen University College,False,,
005989,York Technical College,False,,
005990,Young Harris Coll,False,,
006001,Abilene Christian University,False,,
006006,Amarillo College,False,,
006007,Univ Arkansas Montcl,False,,
006008,Cowley County Cmty C,False,,
006010,Arkansas Tech Univ,False,,
006012,Univ Cntral Arkansas,False,,
006025,Angelina Coll,False,,
006043,Blinn College,False,,
006053,Bellevue University,False,,
006070,Brookhaven College,False,,
006083,Indian Hills CC Centrv,False,,
006091,University of Central Oklahoma,False,,
006093,Neosho Co Cmty Coll,False,,
006097,Clarendon Coll,False,,
006101,Coe College,False,,
006102,Coffeyville Cmty C,False,,
006110,Univ Of Saint Thomas,False,,
006120,Cottey College,False,,
006129,Colby Community Coll,False,,
006130,Centrl Texas Coll,False,,
006135,Oklahoma Wesleyan Univ,False,,
006169,Drury College,False,,
006176,Delgado Cmty Coll,False,,
006191,Butler Co Cmty Coll,False,,
006195,Iowa Lakes Cc Emmtsb,False,,
006198,Evangel College,False,,
006219,Ft Scott Cmty Col,False,,
006220,University of Arkansas - FortSmith,False,,
006221,Nicholls St Univ,False,,
006250,Grambling St Univ,False,,
006251,Grand View College,False,,
006265,Hamline University,False,,
006268,Hardin-Simmons Univ,False,,
006271,Trinity Valley Community College,False,,
006277,Howard College,False,,
006302,Iowa Wstrn Cc Cnclbl,False,,
006307,Univ Northern Iowa,False,,
006309,Itasca Cmty Coll,False,,
006334,Kansas State Univ,False,,
006341,Kilgore College,False,,
006367,Lindenwood College,False,,
006373,Louisiana State Un,False,,
006374,Loyola Univ Louisana,False,,
006388,Century College,False,,
006394,Marshalltown C C,False,,
006415,Morningside College,False,,
006420,Univ Nebraska Omaha,False,,
006479,Minot State Univ,False,,
006481,Univ North Texas,False,,
006482,Northeast La Univ,False,,
006488,Northwst Mo St Univ,False,,
006492,Northwestern State U,False,,
006498,North Hennepin C C,False,,
006508,Lone Star College System,False,,
006531,Northeast Texas C C,False,,
006547,Ottawa University,False,,
006550,Our Lady Of The Lake,False,,
006573,Paris Jr College,False,,
006576,Labette Cmty College,False,,
006607,Richland College,False,,
006609,Rice University,False,,
006611,Rockhurst College,False,,
006629,St Louis Univ,False,,
006637,St Marys University,False,,
006639,Crown College,False,,
006643,Sam Houston St Univ,False,,
006645,San Antonio College,False,,
006647,Schreiner College,False,,
006656,Southestrn La Univ,False,,
006658,Williams Baptist University,False,,
006661,Southern Ar Univ,False,,
006664,Southwest Baptist Un,False,,
006669,Southwestern A/G Col,False,,
006681,University Of Iowa,False,,
006694,San Jacinto C Centrl,False,,
006703,Southwest State Univ,False,,
006729,San Jacinto C North,False,,
006759,Austin Cmty Coll Tx,False,,
006820,Texas Christian Univ,False,,
006826,Texas Womans Univ,False,,
006829,Univ Texas El Paso,False,,
006834,Tarrant Co Jr Ftwrth,False,,
006836,Three Rivers C C,False,,
006837,Tarrant County College,False,,
006845,Tarrant County Jr Coll Nw Cmp,False,,
006854,Edge Hill University,False,,
006870,U Houston Main Cmps*,False,,
006872,Univ Missouri Kanscy,False,,
006873,Univ Minn Duluth,False,,
006874,Univ Minnesota Mpls,False,,
006878,Un N Dakota Grnd Frk,False,,
006889,Univ Missouri Stlous,False,,
006916,Univ Houston Clr Lke,False,,
006919,Univ Texas San Anton,False,,
006922,Univ Houston Dwntwn,False,,
006929,Washington Univ,False,,
006931,Weatherford College,False,,
006933,Voorhess College,False,,
006938,West Tx A&M Univ,False,,
006939,Wharton Co Jr Coll,False,,
006975,Xavier Univ La,False,,
007050,Seastrn Bapt Theol S,False,,
007101,Northwst Arkansas Cc,False,,
007102,Cad Institute,False,,
007324,Redlands Cmty Coll,False,,
007354,Athabasca University,False,,
008308,Cecil Cmty Coll,False,,
008660,Germanna Cmty Coll,False,,
009917,Ivy Tech Community College ofIndiana,False,,
009976,College of the Ouachitas,False,,
011673,Dixie Academy,False,FALSE,
01293,Vanguard University,False,FALSE,
021002,Dallas College,False,FALSE,
031229,YORK COUNTY COMMUNITY COLLEGE,False,FALSE,
172682,Salina Area Vocational Tech Sc,False,FALSE,
216208,Charles University,False,FALSE,
290138,Washoe High School,False,FALSE,
687228,Tampines Junior College,False,FALSE,
999111,Foreign College,False,FALSE,
999901,Anhui Medical University,False,FALSE,
999996,CAEL,False,FALSE,
